,mean,std
age,20.28,2.5086516962969037
BMI,21.246399999999998,2.5361418861464884
