,,,MIST1,MIST2,MIST3
HR,max,mean,25.99739615294128,32.89506033066614,39.02003578969569
HR,max,std,10.50358173726922,15.38511846117026,17.134968785115152
HR,mean,mean,-1.9819078960771166,3.852439278591247,10.320102491933737
HR,mean,std,5.375255658815255,10.541038987781196,12.849598398711745
